dedup_key,company,title,url,first_seen,last_seen
Oura:4024438009,Oura,Senior iOS Engineer,https://job-boards.greenhouse.io/oura/jobs/4024438009,2026-07-12,2026-07-12
Oura:4024449009,Oura,iOS Engineer,https://job-boards.greenhouse.io/oura/jobs/4024449009,2026-07-12,2026-07-12
Oura:4051503009,Oura,Staff System Engineering Program Manager ,https://job-boards.greenhouse.io/oura/jobs/4051503009,2026-07-12,2026-07-12
Oura:4052582009,Oura,"Staff Product Manager, Hardware",https://job-boards.greenhouse.io/oura/jobs/4052582009,2026-07-12,2026-07-12
Oura:4053067009,Oura,Senior Backend Engineer (Python),https://job-boards.greenhouse.io/oura/jobs/4053067009,2026-07-12,2026-07-12
Oura:4079033009,Oura,Staff FEA Engineer ,https://job-boards.greenhouse.io/oura/jobs/4079033009,2026-07-12,2026-07-12
Oura:4093697009,Oura,Staff Product Design Engineer ,https://job-boards.greenhouse.io/oura/jobs/4093697009,2026-07-12,2026-07-12
Oura:4101371009,Oura,Senior Accounting Manager,https://job-boards.greenhouse.io/oura/jobs/4101371009,2026-07-12,2026-07-12
Oura:4110483009,Oura,"Senior Sourcing Manager, Mechanicals",https://job-boards.greenhouse.io/oura/jobs/4110483009,2026-07-12,2026-07-12
Oura:4110516009,Oura,"Staff Designer, Women's Health",https://job-boards.greenhouse.io/oura/jobs/4110516009,2026-07-12,2026-07-12
Oura:4110567009,Oura,"Senior Software Engineer, DataFlow (Android)",https://job-boards.greenhouse.io/oura/jobs/4110567009,2026-07-12,2026-07-12
Oura:4113749009,Oura,Electrical Test Engineer,https://job-boards.greenhouse.io/oura/jobs/4113749009,2026-07-12,2026-07-12
Oura:4114607009,Oura,Senior Manufacturing Test Engineer,https://job-boards.greenhouse.io/oura/jobs/4114607009,2026-07-12,2026-07-12
Oura:4136642009,Oura,Senior ML Data Scientist - Women’s Health,https://job-boards.greenhouse.io/oura/jobs/4136642009,2026-07-12,2026-07-12
Oura:4139939009,Oura,"Staff Materials Engineer, PVD ",https://job-boards.greenhouse.io/oura/jobs/4139939009,2026-07-12,2026-07-12
Oura:4146721009,Oura,Senior NPI Firmware Engineer,https://job-boards.greenhouse.io/oura/jobs/4146721009,2026-07-12,2026-07-12
Oura:4147119009,Oura,"Director, Business Development (Tax Advantage) ",https://job-boards.greenhouse.io/oura/jobs/4147119009,2026-07-12,2026-07-12
Oura:4156536009,Oura,"Senior Product Manager, Heart Health",https://job-boards.greenhouse.io/oura/jobs/4156536009,2026-07-12,2026-07-12
Oura:4156667009,Oura,"Senior Director, Corporate Strategy",https://job-boards.greenhouse.io/oura/jobs/4156667009,2026-07-12,2026-07-12
Oura:4182550009,Oura,Senior Business Operations Program Manager,https://job-boards.greenhouse.io/oura/jobs/4182550009,2026-07-12,2026-07-12
Oura:4184618009,Oura,"Executive Assistant, Hardware & Product",https://job-boards.greenhouse.io/oura/jobs/4184618009,2026-07-12,2026-07-12
Oura:4187426009,Oura,Senior Algorithm Scientist,https://job-boards.greenhouse.io/oura/jobs/4187426009,2026-07-12,2026-07-12
Oura:4188003009,Oura,"Director, Supply Planning",https://job-boards.greenhouse.io/oura/jobs/4188003009,2026-07-12,2026-07-12
Oura:4192949009,Oura,"Recruiting Operations Specialist (Hybrid, 6-12 Months Fixed Term)",https://job-boards.greenhouse.io/oura/jobs/4192949009,2026-07-12,2026-07-12
Oura:4193678009,Oura,Staff Product Designer ,https://job-boards.greenhouse.io/oura/jobs/4193678009,2026-07-12,2026-07-12
Oura:4194704009,Oura,"Senior Business Systems Analyst, Finance",https://job-boards.greenhouse.io/oura/jobs/4194704009,2026-07-12,2026-07-12
Oura:4195129009,Oura,Assistant Controller,https://job-boards.greenhouse.io/oura/jobs/4195129009,2026-07-12,2026-07-12
Oura:4202621009,Oura,Senior CMF Designer,https://job-boards.greenhouse.io/oura/jobs/4202621009,2026-07-12,2026-07-12
Oura:4204090009,Oura,"Senior Backend Engineer, Context Hub",https://job-boards.greenhouse.io/oura/jobs/4204090009,2026-07-12,2026-07-12
Oura:4205832009,Oura,"Senior Fullstack Engineer, Commerce Mission",https://job-boards.greenhouse.io/oura/jobs/4205832009,2026-07-12,2026-07-12
Oura:4207833009,Oura,Senior AI-Native Product Designer ,https://job-boards.greenhouse.io/oura/jobs/4207833009,2026-07-12,2026-07-12
Oura:4208313009,Oura,Senior Data Architect,https://job-boards.greenhouse.io/oura/jobs/4208313009,2026-07-12,2026-07-12
Oura:4208422009,Oura,Staff Digital Sculptor,https://job-boards.greenhouse.io/oura/jobs/4208422009,2026-07-12,2026-07-12
Oura:4215787009,Oura,"Technical Program Manager, Hardware Sensing",https://job-boards.greenhouse.io/oura/jobs/4215787009,2026-07-12,2026-07-12
Oura:4218444009,Oura,"Director of Product Design, Commerce",https://job-boards.greenhouse.io/oura/jobs/4218444009,2026-07-12,2026-07-12
Oura:4221654009,Oura,"Director, Strategy & Operations",https://job-boards.greenhouse.io/oura/jobs/4221654009,2026-07-12,2026-07-12
Oura:4222078009,Oura,"Manager, International GTM FP&A",https://job-boards.greenhouse.io/oura/jobs/4222078009,2026-07-12,2026-07-12
Oura:4222162009,Oura,Senior Fullstack Engineer,https://job-boards.greenhouse.io/oura/jobs/4222162009,2026-07-12,2026-07-12
Oura:4224515009,Oura,Senior Manufacturing Process Engineer ,https://job-boards.greenhouse.io/oura/jobs/4224515009,2026-07-12,2026-07-12
Oura:4227038009,Oura,"Senior iOS Engineer, Connectivity ",https://job-boards.greenhouse.io/oura/jobs/4227038009,2026-07-12,2026-07-12
Oura:4227724009,Oura,Senior Product Designer - Mobile,https://job-boards.greenhouse.io/oura/jobs/4227724009,2026-07-12,2026-07-12
Oura:4231323009,Oura,Mobile Engineering Manager,https://job-boards.greenhouse.io/oura/jobs/4231323009,2026-07-12,2026-07-12
Oura:4233392009,Oura,"Logistics Specialist, Retail Operations",https://job-boards.greenhouse.io/oura/jobs/4233392009,2026-07-12,2026-07-12
Oura:4235112009,Oura,"Senior Program Manager, Recruiter Enablement (6-12 month term)",https://job-boards.greenhouse.io/oura/jobs/4235112009,2026-07-12,2026-07-12
Oura:4235244009,Oura,Digital Sculptor,https://job-boards.greenhouse.io/oura/jobs/4235244009,2026-07-12,2026-07-12
Oura:4240237009,Oura,"Director, PLM",https://job-boards.greenhouse.io/oura/jobs/4240237009,2026-07-12,2026-07-12
Oura:4245772009,Oura,"Director, Electrical Modules Quality",https://job-boards.greenhouse.io/oura/jobs/4245772009,2026-07-12,2026-07-12
Oura:4246113009,Oura,"Staff Product Manager, Core Algorithms & Sensing Platforms",https://job-boards.greenhouse.io/oura/jobs/4246113009,2026-07-12,2026-07-12
Oura:4246951009,Oura,"Staff Business Systems Analyst, People Systems",https://job-boards.greenhouse.io/oura/jobs/4246951009,2026-07-12,2026-07-12
Oura:4247176009,Oura,"Design Leader, Software Design",https://job-boards.greenhouse.io/oura/jobs/4247176009,2026-07-12,2026-07-12
Oura:4250676009,Oura,Senior AI Engineer – Health Intelligence,https://job-boards.greenhouse.io/oura/jobs/4250676009,2026-07-12,2026-07-12
Oura:4251622009,Oura,Government Relations Principal,https://job-boards.greenhouse.io/oura/jobs/4251622009,2026-07-12,2026-07-12
Oura:4253839009,Oura,Senior Content Designer,https://job-boards.greenhouse.io/oura/jobs/4253839009,2026-07-12,2026-07-12
Oura:4256861009,Oura,"Sourcing Manager, Silicon/EE Components",https://job-boards.greenhouse.io/oura/jobs/4256861009,2026-07-12,2026-07-12
Oura:4257322009,Oura,Staff Analyst - Data Governance,https://job-boards.greenhouse.io/oura/jobs/4257322009,2026-07-12,2026-07-12
Oura:4258974009,Oura,Product Design Technologist ,https://job-boards.greenhouse.io/oura/jobs/4258974009,2026-07-12,2026-07-12
Oura:4259790009,Oura,"Core Platform Engineer, Data and Algo (All Levels)",https://job-boards.greenhouse.io/oura/jobs/4259790009,2026-07-12,2026-07-12
Oura:4260098009,Oura,"Director, Hardware Partnerships",https://job-boards.greenhouse.io/oura/jobs/4260098009,2026-07-12,2026-07-12
Oura:4260161009,Oura,"Staff Technical Program Manager, Batteries ",https://job-boards.greenhouse.io/oura/jobs/4260161009,2026-07-12,2026-07-12
Oura:4264573009,Oura,Senior Manager of Global Payroll,https://job-boards.greenhouse.io/oura/jobs/4264573009,2026-07-12,2026-07-12
Oura:4265497009,Oura,Senior Technical Accounting Manager ,https://job-boards.greenhouse.io/oura/jobs/4265497009,2026-07-12,2026-07-12
Oura:4266351009,Oura,"Senior Manager, Operations Program Manager",https://job-boards.greenhouse.io/oura/jobs/4266351009,2026-07-12,2026-07-12
Oura:4266486009,Oura,"Senior Director, SEC Reporting & Technical Accounting",https://job-boards.greenhouse.io/oura/jobs/4266486009,2026-07-12,2026-07-12
Oura:4267516009,Oura,"Senior Product Manager, New Experiences",https://job-boards.greenhouse.io/oura/jobs/4267516009,2026-07-12,2026-07-12
Oura:4272475009,Oura,"Principal, Global Tax Reporting",https://job-boards.greenhouse.io/oura/jobs/4272475009,2026-07-12,2026-07-12
Oura:4273393009,Oura,Senior Data Scientist,https://job-boards.greenhouse.io/oura/jobs/4273393009,2026-07-12,2026-07-12
Oura:4273399009,Oura,"AI Fullstack Engineer, Health Intelligence",https://job-boards.greenhouse.io/oura/jobs/4273399009,2026-07-12,2026-07-12
Oura:4278316009,Oura,Senior EMS Sourcing Manager,https://job-boards.greenhouse.io/oura/jobs/4278316009,2026-07-12,2026-07-12
Oura:4279727009,Oura,Staff Portables and Power Quality Engineer,https://job-boards.greenhouse.io/oura/jobs/4279727009,2026-07-12,2026-07-12
Oura:4282262009,Oura,Senior Data Engineer (US - East Coast),https://job-boards.greenhouse.io/oura/jobs/4282262009,2026-07-12,2026-07-12
Oura:4286391009,Oura,"Director, Integration & Automation Engineering",https://job-boards.greenhouse.io/oura/jobs/4286391009,2026-07-12,2026-07-12
Oura:4286877009,Oura,Lifecycle Operations Manager,https://job-boards.greenhouse.io/oura/jobs/4286877009,2026-07-12,2026-07-12
Oura:4287026009,Oura,Junior Data Scientist,https://job-boards.greenhouse.io/oura/jobs/4287026009,2026-07-12,2026-07-12
Oura:4289319009,Oura,"Senior Android Engineer, Core Sensing",https://job-boards.greenhouse.io/oura/jobs/4289319009,2026-07-12,2026-07-12
Oura:4295034009,Oura,Senior Human Factors Researcher,https://job-boards.greenhouse.io/oura/jobs/4295034009,2026-07-12,2026-07-12
Oura:4296156009,Oura,"Senior Director, Marketing Operations",https://job-boards.greenhouse.io/oura/jobs/4296156009,2026-07-12,2026-07-12
Oura:4296738009,Oura,Senior Financial Analyst,https://job-boards.greenhouse.io/oura/jobs/4296738009,2026-07-12,2026-07-12
Oura:4297970009,Oura,Sr. Strategic Partner Manager (Employee Wellness),https://job-boards.greenhouse.io/oura/jobs/4297970009,2026-07-12,2026-07-12
Oura:4301717009,Oura,"Director, Knowledge Management ",https://job-boards.greenhouse.io/oura/jobs/4301717009,2026-07-12,2026-07-12
Oura:4301722009,Oura,"Senior Product Manager, Growth",https://job-boards.greenhouse.io/oura/jobs/4301722009,2026-07-12,2026-07-12
Oura:4304220009,Oura,"Staff Program Manager, Enterprise Data Transformation",https://job-boards.greenhouse.io/oura/jobs/4304220009,2026-07-12,2026-07-12
Oura:4304368009,Oura,"Senior Manager, IT Systems / Platform Engineering - FIXED TERM ",https://job-boards.greenhouse.io/oura/jobs/4304368009,2026-07-12,2026-07-12
Oura:4304779009,Oura,"Senior Data Analyst, Hardware & Supply Chain",https://job-boards.greenhouse.io/oura/jobs/4304779009,2026-07-12,2026-07-12
Oura:4304949009,Oura,Senior IT Systems/Platform Engineer,https://job-boards.greenhouse.io/oura/jobs/4304949009,2026-07-12,2026-07-12
Oura:4304960009,Oura,Senior Data Engineer – Hardware & Supply Chain,https://job-boards.greenhouse.io/oura/jobs/4304960009,2026-07-12,2026-07-12
Oura:4305614009,Oura,Senior Engineering Manager,https://job-boards.greenhouse.io/oura/jobs/4305614009,2026-07-12,2026-07-12
Oura:4305626009,Oura,Senior Platform Engineer (DevOps / MLOps) ,https://job-boards.greenhouse.io/oura/jobs/4305626009,2026-07-12,2026-07-12
Oura:4306277009,Oura,"Tax Manager, Direct Tax & Strategic Projects",https://job-boards.greenhouse.io/oura/jobs/4306277009,2026-07-12,2026-07-12
Oura:4306638009,Oura,"Sr Logistics Manager, Americas Retail Operations",https://job-boards.greenhouse.io/oura/jobs/4306638009,2026-07-12,2026-07-12
Oura:4307067009,Oura,Senior Treasury Analyst,https://job-boards.greenhouse.io/oura/jobs/4307067009,2026-07-12,2026-07-12
Oura:4307254009,Oura,Executive Assistant ,https://job-boards.greenhouse.io/oura/jobs/4307254009,2026-07-12,2026-07-12
Oura:4307631009,Oura,Senior Clinical Trial Manager,https://job-boards.greenhouse.io/oura/jobs/4307631009,2026-07-12,2026-07-12
Oura:4309908009,Oura,Clinical Trial Manager,https://job-boards.greenhouse.io/oura/jobs/4309908009,2026-07-12,2026-07-12
Oura:4311141009,Oura,Clinical Research Coordinator,https://job-boards.greenhouse.io/oura/jobs/4311141009,2026-07-12,2026-07-12
Oura:4313455009,Oura,"Director, North America Logistics",https://job-boards.greenhouse.io/oura/jobs/4313455009,2026-07-12,2026-07-12
Oura:4313762009,Oura,"VP, Talent Acquisition",https://job-boards.greenhouse.io/oura/jobs/4313762009,2026-07-12,2026-07-12
SEB:0009576c-c559-42c1-91b8-415199be30a6,SEB,"Java experienced developer & Tech Lead | SEB, Solna",https://jobs.eu.lever.co/seb/0009576c-c559-42c1-91b8-415199be30a6,2026-07-12,2026-07-12
SEB:093ce5d6-2520-46c9-b0f7-000f7fbb454b,SEB,"Accountant | SEB, Vilnius",https://jobs.eu.lever.co/seb/093ce5d6-2520-46c9-b0f7-000f7fbb454b,2026-07-12,2026-07-12
SEB:0b786443-8c9f-4194-a8d6-42b09ba77115,SEB,Private Wealth Management & Family office - Internship 2027 - SEB Norway,https://jobs.eu.lever.co/seb/0b786443-8c9f-4194-a8d6-42b09ba77115,2026-07-12,2026-07-12
SEB:0bb12aaa-4496-4b9e-af63-ca408743219b,SEB,"Business Analyst in Digital channels Tribe | SEB, Tallinn",https://jobs.eu.lever.co/seb/0bb12aaa-4496-4b9e-af63-ca408743219b,2026-07-12,2026-07-12
SEB:1011040a-7b01-402e-b9a5-a8e2b606b7b4,SEB,"Senior Database Engineer with focus on ETL (PL/SQL stack) | SEB, Vilnius",https://jobs.eu.lever.co/seb/1011040a-7b01-402e-b9a5-a8e2b606b7b4,2026-07-12,2026-07-12
SEB:13ba72a8-b178-4fba-837f-9ec6dd0a18dc,SEB,"Product Owner for Tax Compliance team at Finance and Risk Tribe | SEB, Tallinn",https://jobs.eu.lever.co/seb/13ba72a8-b178-4fba-837f-9ec6dd0a18dc,2026-07-12,2026-07-12
SEB:13c63df8-b732-4988-b70b-f82b1f2a24c2,SEB,"Senior Software Developer with a passion for Data area | SEB, Tallinn",https://jobs.eu.lever.co/seb/13c63df8-b732-4988-b70b-f82b1f2a24c2,2026-07-12,2026-07-12
SEB:14571edb-3710-4990-a6f6-8bf4e6ce552a,SEB,"Senior .NET Developer in Payment Channels Team | SEB, Vilnius",https://jobs.eu.lever.co/seb/14571edb-3710-4990-a6f6-8bf4e6ce552a,2026-07-12,2026-07-12
SEB:1d2d8af7-142a-431b-9eb3-0dc475797c30,SEB,"Liquidity Services Specialist with a Client-First Mindset | SEB, Vilnius",https://jobs.eu.lever.co/seb/1d2d8af7-142a-431b-9eb3-0dc475797c30,2026-07-12,2026-07-12
SEB:1e5f0c36-d821-4719-b4ba-22a543f4b7eb,SEB,"Methodology and Process Owner | SEB, Vilnius",https://jobs.eu.lever.co/seb/1e5f0c36-d821-4719-b4ba-22a543f4b7eb,2026-07-12,2026-07-12
SEB:22ac5e5b-d490-401e-a446-f443729afebe,SEB,"Data Steward/ Datu pārvaldnieks(-ce) for Customer Oversight and Digital Enablers | SEB, Riga",https://jobs.eu.lever.co/seb/22ac5e5b-d490-401e-a446-f443729afebe,2026-07-12,2026-07-12
SEB:22d996cf-5c4a-420c-9faa-3e2940e169cb,SEB,Client Associate (m/w/d) im Bereich Large Corporate Coverage München,https://jobs.eu.lever.co/seb/22d996cf-5c4a-420c-9faa-3e2940e169cb,2026-07-12,2026-07-12
SEB:24ff4807-b8d0-4265-a3b7-5d318103f9a9,SEB,Senior Företagsrådgivare | SEB Sisjön,https://jobs.eu.lever.co/seb/24ff4807-b8d0-4265-a3b7-5d318103f9a9,2026-07-12,2026-07-12
SEB:25a01076-8f69-43c6-8216-d2374aecdbfc,SEB,"IT Solution Specialist (Workday) | SEB, Vilnius",https://jobs.eu.lever.co/seb/25a01076-8f69-43c6-8216-d2374aecdbfc,2026-07-12,2026-07-12
SEB:25c7bea3-d81b-41ea-bb51-3e42eeedd5d1,SEB,"Senior Risk Officer in Enterprise Risk | SEB, Vilnius",https://jobs.eu.lever.co/seb/25c7bea3-d81b-41ea-bb51-3e42eeedd5d1,2026-07-12,2026-07-12
SEB:25df393b-5a92-4cd2-b287-b8f8589157bc,SEB,"Risk officer / Senior Risk Officer (Independent Validation - RDARR / BCBS 239) | SEB, Vilnius",https://jobs.eu.lever.co/seb/25df393b-5a92-4cd2-b287-b8f8589157bc,2026-07-12,2026-07-12
SEB:28a5545b-7742-42da-8eb0-a9c94ed078e9,SEB,"Methodology and Process Owner | SEB, Tallinn",https://jobs.eu.lever.co/seb/28a5545b-7742-42da-8eb0-a9c94ed078e9,2026-07-12,2026-07-12
SEB:305237e8-399c-4ad8-b504-ca5b74872a6c,SEB,"Sales Automation Manager / Pārdošanas automatizācijas vadītājs/ -a | SEB, Rīga",https://jobs.eu.lever.co/seb/305237e8-399c-4ad8-b504-ca5b74872a6c,2026-07-12,2026-07-12
SEB:30b4cdab-0022-47ab-9dba-1be28da40581,SEB,"Information Security Manager in the Baltic IT & Information Security team | SEB, Vilnius",https://jobs.eu.lever.co/seb/30b4cdab-0022-47ab-9dba-1be28da40581,2026-07-12,2026-07-12
SEB:36649fa0-ae79-4e86-aaae-a5031e454f6e,SEB,"Senior .NET Back-End Solution Developer | SEB, Vilnius",https://jobs.eu.lever.co/seb/36649fa0-ae79-4e86-aaae-a5031e454f6e,2026-07-12,2026-07-12
SEB:36a3bc46-d2db-498f-a6bb-2f1a2f7dd73a,SEB,"Senior IAM Engineer | SEB, Solna",https://jobs.eu.lever.co/seb/36a3bc46-d2db-498f-a6bb-2f1a2f7dd73a,2026-07-12,2026-07-12
SEB:37578eae-9eef-4df1-8bc7-d1cb96b8062b,SEB,"IT Solution Integration Specialist (Workday) | SEB, Vilnius",https://jobs.eu.lever.co/seb/37578eae-9eef-4df1-8bc7-d1cb96b8062b,2026-07-12,2026-07-12
SEB:3766a2d3-7e44-4753-b1e4-2bb47cb3a7d3,SEB,"Business Analyst/ Biznesa analītiķis(-a) in Digital channels Tribe | SEB, Riga",https://jobs.eu.lever.co/seb/3766a2d3-7e44-4753-b1e4-2bb47cb3a7d3,2026-07-12,2026-07-12
SEB:3ddc3734-348e-43f2-8b25-f2f8382b709a,SEB,"Pinigų plovimo prevencijos specialistas (-ė), Pinigų plovimo prevencijos stebėsenos skyriuje | SEB, Vilnius",https://jobs.eu.lever.co/seb/3ddc3734-348e-43f2-8b25-f2f8382b709a,2026-07-12,2026-07-12
SEB:3ef0f093-a171-448a-a4e6-8df4659a6394,SEB,"Credit Analyst / Senior Credit Analyst/ Vecākais /-ā kredītanalītiķis /-e | SEB, Riga",https://jobs.eu.lever.co/seb/3ef0f093-a171-448a-a4e6-8df4659a6394,2026-07-12,2026-07-12
SEB:439c08c7-90fd-427c-9f2f-0d314e14c5aa,SEB,Full-time Analyst for SEB Corporate Finance,https://jobs.eu.lever.co/seb/439c08c7-90fd-427c-9f2f-0d314e14c5aa,2026-07-12,2026-07-12
SEB:43b34de2-4537-45cd-8c6e-db72c0af8157,SEB,"Team Manager to Core Solution Team | SEB Kort Group, Solna",https://jobs.eu.lever.co/seb/43b34de2-4537-45cd-8c6e-db72c0af8157,2026-07-12,2026-07-12
SEB:4526df95-0b6b-4fe3-9172-77014062e030,SEB,"Billing Support Specialist (temporary)/ Rēķinu apstrādes atbalsta speciālists/-e | SEB, Riga",https://jobs.eu.lever.co/seb/4526df95-0b6b-4fe3-9172-77014062e030,2026-07-12,2026-07-12
SEB:457fd210-8cc6-49b4-8593-7266b9a3f884,SEB,"Senior Data Specialist – Account & Payments, CIB | SEB, Stockholm",https://jobs.eu.lever.co/seb/457fd210-8cc6-49b4-8593-7266b9a3f884,2026-07-12,2026-07-12
SEB:4857f3a2-a102-4531-ae35-ca98467353af,SEB,Team Lead Skog- och Lantbruk (Företagsrådgivare) | SEB Skog- och Lantbrukskontoret i Linköping,https://jobs.eu.lever.co/seb/4857f3a2-a102-4531-ae35-ca98467353af,2026-07-12,2026-07-12
SEB:4a8deb18-8f0a-4556-b608-2ff755ac8b56,SEB,"Solution developer - Mainframe | SEB, Solna",https://jobs.eu.lever.co/seb/4a8deb18-8f0a-4556-b608-2ff755ac8b56,2026-07-12,2026-07-12
SEB:4c5ad49c-608c-47a1-ad3f-21f8097b3bfa,SEB,"Senior Mainframe Developer with passion for teamwork | SEB, Stockholm",https://jobs.eu.lever.co/seb/4c5ad49c-608c-47a1-ad3f-21f8097b3bfa,2026-07-12,2026-07-12
SEB:4c93842c-d0bf-4191-81d3-0dcd9d829abc,SEB,"Client Executive - SEB Growth | SEB, Stockholm",https://jobs.eu.lever.co/seb/4c93842c-d0bf-4191-81d3-0dcd9d829abc,2026-07-12,2026-07-12
SEB:501095f1-7b09-437b-a62e-cc0ac50d515d,SEB,Client Associate (m/w/d) im Bereich Large Corporate Coverage Frankfurt,https://jobs.eu.lever.co/seb/501095f1-7b09-437b-a62e-cc0ac50d515d,2026-07-12,2026-07-12
SEB:51206518-e061-4f2a-894d-cfd60093de01,SEB,Executive Assistant to Head of Wealth & Asset Management,https://jobs.eu.lever.co/seb/51206518-e061-4f2a-894d-cfd60093de01,2026-07-12,2026-07-12
SEB:524f40b3-1471-430d-b625-9fc45cd3bb9f,SEB,Företagsrådgivare Skog- och Lantbruk | SEB Skog- och Lantbrukskontoret i Linköping,https://jobs.eu.lever.co/seb/524f40b3-1471-430d-b625-9fc45cd3bb9f,2026-07-12,2026-07-12
SEB:52d52279-44af-4c0c-a652-a0c34a665871,SEB,Equity Research - Internship 2027 - SEB Norway,https://jobs.eu.lever.co/seb/52d52279-44af-4c0c-a652-a0c34a665871,2026-07-12,2026-07-12
SEB:52e5aa74-e6c1-4f09-984b-55170cdfe1a9,SEB,"Senior Risk Officer in Enterprise Risk / Vecākais/-ā risku vadības eksperts/-e | SEB, Riga",https://jobs.eu.lever.co/seb/52e5aa74-e6c1-4f09-984b-55170cdfe1a9,2026-07-12,2026-07-12
SEB:54447b59-cd4b-4acc-be66-0cdfdf406955,SEB,"Real Estate Credit Analyst | SEB, Stockholm",https://jobs.eu.lever.co/seb/54447b59-cd4b-4acc-be66-0cdfdf406955,2026-07-12,2026-07-12
SEB:57c94187-d1ea-428c-afd7-d5d291ea3961,SEB,"Private Banking Specialist/Biznesa pakalpojumu speciālists/-e| SEB, Riga",https://jobs.eu.lever.co/seb/57c94187-d1ea-428c-afd7-d5d291ea3961,2026-07-12,2026-07-12
SEB:5a37d082-bf68-482e-8db2-ba72645aedd5,SEB,"Konsultantas (-ė), Klientų aptarnavimo centre | SEB, Klaipėda",https://jobs.eu.lever.co/seb/5a37d082-bf68-482e-8db2-ba72645aedd5,2026-07-12,2026-07-12
SEB:5b66a7eb-ef50-4f48-93eb-4fa35b8b182d,SEB,Working student (m/f/d) Data analysis FICC Markets,https://jobs.eu.lever.co/seb/5b66a7eb-ef50-4f48-93eb-4fa35b8b182d,2026-07-12,2026-07-12
SEB:5d9ee547-2919-4b75-bcbb-02b815d63f73,SEB,"Payroll Delivery Specialist| SEB, Vilnius",https://jobs.eu.lever.co/seb/5d9ee547-2919-4b75-bcbb-02b815d63f73,2026-07-12,2026-07-12
SEB:5f3979c9-f0e1-4209-a0e4-ee2cdae9f91f,SEB,"Data Steward for Customer Oversight and Digital Enablers | SEB, Vilnius",https://jobs.eu.lever.co/seb/5f3979c9-f0e1-4209-a0e4-ee2cdae9f91f,2026-07-12,2026-07-12
SEB:61e6d05a-416b-4022-a04e-5eeefc93f64c,SEB,"Business Service Specialist – Liquidity Services | SEB, Vilnius",https://jobs.eu.lever.co/seb/61e6d05a-416b-4022-a04e-5eeefc93f64c,2026-07-12,2026-07-12
SEB:65bd7d44-294e-4778-89bd-b60aff9fd6cd,SEB,"Risk officer / Senior Risk Officer (Independent Validation - RDARR / BCBS 239) | SEB, Tallinn",https://jobs.eu.lever.co/seb/65bd7d44-294e-4778-89bd-b60aff9fd6cd,2026-07-12,2026-07-12
SEB:66766235-70c3-470c-bb07-fae161b1c205,SEB,Associate (m/w/d) Debt Capital Markets – Investment Grade Bonds & Schuldscheine DACH,https://jobs.eu.lever.co/seb/66766235-70c3-470c-bb07-fae161b1c205,2026-07-12,2026-07-12
SEB:66d69ee1-3e9c-43ae-acd8-5f06993d0ab0,SEB,Corporate Finance - Internship 2027 - SEB Norway,https://jobs.eu.lever.co/seb/66d69ee1-3e9c-43ae-acd8-5f06993d0ab0,2026-07-12,2026-07-12
SEB:6bad0209-b992-4824-926f-7f385e124dd6,SEB,"Product Owner/ Produkta īpašnieks (-ce) for Tax Compliance team at Finance and Risk Tribe | SEB, Riga",https://jobs.eu.lever.co/seb/6bad0209-b992-4824-926f-7f385e124dd6,2026-07-12,2026-07-12
SEB:7515b921-3e39-48fc-8f34-94b111086a72,SEB,Quantitative Analyst – FCP Model Validation,https://jobs.eu.lever.co/seb/7515b921-3e39-48fc-8f34-94b111086a72,2026-07-12,2026-07-12
SEB:7b78a1c3-f7dc-49ae-ab72-4e697deeb98f,SEB,"Private Banker, Borås | SEB Region Väst",https://jobs.eu.lever.co/seb/7b78a1c3-f7dc-49ae-ab72-4e697deeb98f,2026-07-12,2026-07-12
SEB:7d15f85b-6b5d-473f-aadd-8f195c147386,SEB,"Senior Risk Officer in Enterprise Risk | SEB, Tallinn",https://jobs.eu.lever.co/seb/7d15f85b-6b5d-473f-aadd-8f195c147386,2026-07-12,2026-07-12
SEB:7e1d196d-c018-4631-89bd-13c4238af60a,SEB,"Senior Software Developer with a passion for Data area | SEB, Vilnius",https://jobs.eu.lever.co/seb/7e1d196d-c018-4631-89bd-13c4238af60a,2026-07-12,2026-07-12
SEB:829537ed-2041-4a34-95db-22423e5b7cba,SEB,"Senior Software Developer/ Vecākais programmatūras izstrādātājs (-a) with a passion for Data area | SEB, Riga",https://jobs.eu.lever.co/seb/829537ed-2041-4a34-95db-22423e5b7cba,2026-07-12,2026-07-12
SEB:834c92d9-cd2d-46d5-bfaf-0f943a405f6e,SEB,"Head of ICT Risk management | SEB, Tallinn",https://jobs.eu.lever.co/seb/834c92d9-cd2d-46d5-bfaf-0f943a405f6e,2026-07-12,2026-07-12
SEB:8a1d4232-aecb-4353-a734-ead8d9a57387,SEB,"HR Delivery Specialist – Compensation Team | SEB, Vilnius",https://jobs.eu.lever.co/seb/8a1d4232-aecb-4353-a734-ead8d9a57387,2026-07-12,2026-07-12
SEB:8c41a4c3-1655-4824-83a4-690e124026c4,SEB,Head of Trade Finance Sales Sweden | SEB,https://jobs.eu.lever.co/seb/8c41a4c3-1655-4824-83a4-690e124026c4,2026-07-12,2026-07-12
SEB:8f5b641d-2488-4bf6-8184-c5941ec0caf6,SEB,"Customer Screening Specialist/ Sankciju izpētes speciālists/-e| SEB, Riga",https://jobs.eu.lever.co/seb/8f5b641d-2488-4bf6-8184-c5941ec0caf6,2026-07-12,2026-07-12
SEB:8f923f26-f32d-40ab-bd4f-e18b414c01da,SEB,"Head of ICT Risk management (IKT riska vadības vadītājs/-a) | SEB, Riga",https://jobs.eu.lever.co/seb/8f923f26-f32d-40ab-bd4f-e18b414c01da,2026-07-12,2026-07-12
SEB:8fc66ff6-c0f0-4658-a1b9-f2944630b609,SEB,"Team Manager to CRM Application Development team | SEB Kort Group, Solna",https://jobs.eu.lever.co/seb/8fc66ff6-c0f0-4658-a1b9-f2944630b609,2026-07-12,2026-07-12
SEB:941285fd-8c34-4ee1-a281-35dbe4ef9f93,SEB,"Data Steward for Customer Oversight and digital Enablers | SEB, Tallinn",https://jobs.eu.lever.co/seb/941285fd-8c34-4ee1-a281-35dbe4ef9f93,2026-07-12,2026-07-12
SEB:97ae9b7d-f150-4537-82c1-87e30fa5aaac,SEB,"Information Security Officer | SEB Kort Group, Solna",https://jobs.eu.lever.co/seb/97ae9b7d-f150-4537-82c1-87e30fa5aaac,2026-07-12,2026-07-12
SEB:98f35b35-a398-4988-8efd-5622d79bc8b8,SEB,"Operational Threat Intelligence Analyst to CSIRT | SEB, Solna",https://jobs.eu.lever.co/seb/98f35b35-a398-4988-8efd-5622d79bc8b8,2026-07-12,2026-07-12
SEB:9910515d-d3ff-4532-bcff-64f17e058236,SEB,"Loan Officer in Structured Loan Services | SEB, Vilnius",https://jobs.eu.lever.co/seb/9910515d-d3ff-4532-bcff-64f17e058236,2026-07-12,2026-07-12
SEB:9b4ea2dd-ae1a-4bed-9a37-bf9537a39b32,SEB,"SQL / C# Developer / Programmētājs-/a | SEB, Riga",https://jobs.eu.lever.co/seb/9b4ea2dd-ae1a-4bed-9a37-bf9537a39b32,2026-07-12,2026-07-12
SEB:9b83dfc6-2fc3-478d-b14c-8d1a8e1ec216,SEB,"Compensation and Benefits Process Expert | SEB, Vilnius",https://jobs.eu.lever.co/seb/9b83dfc6-2fc3-478d-b14c-8d1a8e1ec216,2026-07-12,2026-07-12
SEB:a0bbcc7f-81ca-4b42-89a4-b68d34b97a67,SEB,"Client Service Partner at PWM&FO | SEB, Helsinki",https://jobs.eu.lever.co/seb/a0bbcc7f-81ca-4b42-89a4-b68d34b97a67,2026-07-12,2026-07-12
SEB:a15be1f6-6b3e-4546-bac4-04ac837e0d7a,SEB,"Information Security Manager / Informācijas drošības vadītājs/-a in the Baltic IT & Information Security team | SEB, Riga",https://jobs.eu.lever.co/seb/a15be1f6-6b3e-4546-bac4-04ac837e0d7a,2026-07-12,2026-07-12
SEB:a180a33f-318d-49b8-87c4-e112aedd5aaf,SEB,Client Service Coordinator,https://jobs.eu.lever.co/seb/a180a33f-318d-49b8-87c4-e112aedd5aaf,2026-07-12,2026-07-12
SEB:a3fda907-adef-483e-8b71-f3e6633a0ca1,SEB,"Compliance monitoring officer/ Darbības atbilstības speciālists/-e | SEB, Riga",https://jobs.eu.lever.co/seb/a3fda907-adef-483e-8b71-f3e6633a0ca1,2026-07-12,2026-07-12
SEB:a514e3fd-d785-4199-bbc3-c5ab4394a2a0,SEB,"Cloud Data Engineer in Finance Tribe for Accounting Hub | SEB, Vilnius",https://jobs.eu.lever.co/seb/a514e3fd-d785-4199-bbc3-c5ab4394a2a0,2026-07-12,2026-07-12
SEB:a6eab76d-0274-437c-b4ce-8b2cc577b03d,SEB,"International Trainee Programme | Client Analyst in Corporate Banking | SEB, Vilnius",https://jobs.eu.lever.co/seb/a6eab76d-0274-437c-b4ce-8b2cc577b03d,2026-07-12,2026-07-12
SEB:aada2e3c-6845-4ac6-a626-404773721a94,SEB,Full Stack developer to Asset Management Tech,https://jobs.eu.lever.co/seb/aada2e3c-6845-4ac6-a626-404773721a94,2026-07-12,2026-07-12
SEB:ae90c270-aade-4090-b3e9-3ccbc81d9add,SEB,Service Manager till Kundtjänst | SEB Uppsala,https://jobs.eu.lever.co/seb/ae90c270-aade-4090-b3e9-3ccbc81d9add,2026-07-12,2026-07-12
SEB:b34c1ff9-bf56-40de-820f-1f2112ae416e,SEB,"Risk officer/Senior Risk Officer (RDARR / BCBS 239) / Risku  vadības eksperts/-e| SEB, Riga",https://jobs.eu.lever.co/seb/b34c1ff9-bf56-40de-820f-1f2112ae416e,2026-07-12,2026-07-12
SEB:b741c155-3ce0-48dc-a86e-e31b48c6deb8,SEB,"Market Specialist, Investor Services - Denmark",https://jobs.eu.lever.co/seb/b741c155-3ce0-48dc-a86e-e31b48c6deb8,2026-07-12,2026-07-12
SEB:bf4262fe-e6f7-40ed-9b45-c4f7d6f55621,SEB,"Personas Datu aizsardzības speciālists/-e  | SEB, Rīga",https://jobs.eu.lever.co/seb/bf4262fe-e6f7-40ed-9b45-c4f7d6f55621,2026-07-12,2026-07-12
SEB:c1826278-206a-40c6-acf4-4371e8b748c2,SEB,"Methodology and Process Owner /Metodoloģijas un procesu vadītājs(-a) | SEB, Riga",https://jobs.eu.lever.co/seb/c1826278-206a-40c6-acf4-4371e8b748c2,2026-07-12,2026-07-12
SEB:c8d370f8-f869-48aa-86bd-c13af9b04fc8,SEB,"Trade Finance Services Specialist in E2E Export Letters of Credit Unit| SEB, Vilnius",https://jobs.eu.lever.co/seb/c8d370f8-f869-48aa-86bd-c13af9b04fc8,2026-07-12,2026-07-12
SEB:c950ee50-d183-4b35-8eba-9f06150d662f,SEB,"Mid-Senior Quantitative Analyst in FCP Model Validation Team | SEB, Vilnius",https://jobs.eu.lever.co/seb/c950ee50-d183-4b35-8eba-9f06150d662f,2026-07-12,2026-07-12
SEB:d17b8286-f725-4340-98d6-99cbc343ca89,SEB,Financial Controller,https://jobs.eu.lever.co/seb/d17b8286-f725-4340-98d6-99cbc343ca89,2026-07-12,2026-07-12
SEB:d8d83014-8163-4a5c-be70-36039afd4f66,SEB,"Business Services Specialist with a goal-oriented approach (temporary position) | SEB, Vilnius",https://jobs.eu.lever.co/seb/d8d83014-8163-4a5c-be70-36039afd4f66,2026-07-12,2026-07-12
SEB:dc8ae3f7-cada-45d8-aa93-d4af40e41b37,SEB,"Billing Support Specialist- Cash & SubCustody team/ Rēķinu apstrādes speciālists/-e | SEB, Riga",https://jobs.eu.lever.co/seb/dc8ae3f7-cada-45d8-aa93-d4af40e41b37,2026-07-12,2026-07-12
SEB:dcbd9897-6390-4227-aced-ae8c52482926,SEB,"Business Services Specialist | SEB, Stockholm",https://jobs.eu.lever.co/seb/dcbd9897-6390-4227-aced-ae8c52482926,2026-07-12,2026-07-12
SEB:ddc63625-265f-4ce5-b28d-1858209a9064,SEB,"Java Solutions Developer | SEB, Vilnius",https://jobs.eu.lever.co/seb/ddc63625-265f-4ce5-b28d-1858209a9064,2026-07-12,2026-07-12
SEB:e242acfb-e50b-4ca8-a7a5-ce59b72cbe3c,SEB,"Information Security Manager in the Baltic IT & Information Security team | SEB, Tallinn",https://jobs.eu.lever.co/seb/e242acfb-e50b-4ca8-a7a5-ce59b72cbe3c,2026-07-12,2026-07-12
SEB:e24bf0b5-fa73-4567-9cd6-42164b4f78fe,SEB,"Senior Product Specialist | SEB Life & Pension, Solna",https://jobs.eu.lever.co/seb/e24bf0b5-fa73-4567-9cd6-42164b4f78fe,2026-07-12,2026-07-12
SEB:e7d3d976-6852-49b9-b82c-f3b39652e4a2,SEB,"Business Analyst with focus on Agile delivery & Scrum Master responsibilities | SEB, Vilnius",https://jobs.eu.lever.co/seb/e7d3d976-6852-49b9-b82c-f3b39652e4a2,2026-07-12,2026-07-12
SEB:ecadf638-5705-4631-b5ac-be4d19634825,SEB,"KYC Regulatory Analyst/ Regulatīvo pārskatu analītiķis/-e  | SEB, Riga",https://jobs.eu.lever.co/seb/ecadf638-5705-4631-b5ac-be4d19634825,2026-07-12,2026-07-12
SEB:ee9f87ec-65bc-4d9f-a953-290420cdbae6,SEB,"Solution Developer | SEB, Vilnius",https://jobs.eu.lever.co/seb/ee9f87ec-65bc-4d9f-a953-290420cdbae6,2026-07-12,2026-07-12
SEB:ef61a6e4-37e4-43bb-870b-844849cdfe8c,SEB,"Sanctions Screening Specialist| SEB, Riga",https://jobs.eu.lever.co/seb/ef61a6e4-37e4-43bb-870b-844849cdfe8c,2026-07-12,2026-07-12
SEB:f06f3dab-69cd-462b-8f4d-ca363026c931,SEB,"Product Owner for Tax Compliance team at Finance and Risk Tribe | SEB, Vilnius",https://jobs.eu.lever.co/seb/f06f3dab-69cd-462b-8f4d-ca363026c931,2026-07-12,2026-07-12
SEB:fbe094c6-3509-4831-92f4-84f73fd2d8a5,SEB,"Full Stack Java Developer to Financial Crime Prevention | SEB, Solna",https://jobs.eu.lever.co/seb/fbe094c6-3509-4831-92f4-84f73fd2d8a5,2026-07-12,2026-07-12
SEB:fd1df960-d632-4ad9-9355-419da4198108,SEB,"Head of ICT Risk management | SEB, Vilnius",https://jobs.eu.lever.co/seb/fd1df960-d632-4ad9-9355-419da4198108,2026-07-12,2026-07-12
SEB:ffcc43a9-963d-46dd-bd46-07b32880cc0b,SEB,"Internal Auditor with ideas for the future | SEB, Tallinn",https://jobs.eu.lever.co/seb/ffcc43a9-963d-46dd-bd46-07b32880cc0b,2026-07-12,2026-07-12
SEB:ffd6f37f-adee-4b98-b38b-269cdccea8ba,SEB,"Senior solution developer - Mainframe | SEB, Solna",https://jobs.eu.lever.co/seb/ffd6f37f-adee-4b98-b38b-269cdccea8ba,2026-07-12,2026-07-12
